{
  "models": [
    {
      "model": "llama-3.2-1b",
      "size_b": 1.0,
      "mean_validity": 0.588,
      "std_validity": 0.4805441360235984,
      "n_observations": 15,
      "task_breakdown": {
        "T1": {
          "mean": 1.0,
          "std": 0.0,
          "n": 3
        },
        "T2": {
          "mean": 0.9533333333333333,
          "std": 0.024944382578492918,
          "n": 3
        },
        "T3": {
          "mean": 0.0,
          "std": 0.0,
          "n": 3
        },
        "T4": {
          "mean": 0.9866666666666667,
          "std": 0.018856180831641284,
          "n": 3
        },
        "T5": {
          "mean": 0.0,
          "std": 0.0,
          "n": 3
        }
      }
    },
    {
      "model": "llama-3.2-3b",
      "size_b": 3.0,
      "mean_validity": 0.5986666666666667,
      "std_validity": 0.48883353221953,
      "n_observations": 15,
      "task_breakdown": {
        "T1": {
          "mean": 1.0,
          "std": 0.0,
          "n": 3
        },
        "T2": {
          "mean": 0.9933333333333333,
          "std": 0.009428090415820642,
          "n": 3
        },
        "T3": {
          "mean": 0.0,
          "std": 0.0,
          "n": 3
        },
        "T4": {
          "mean": 1.0,
          "std": 0.0,
          "n": 3
        },
        "T5": {
          "mean": 0.0,
          "std": 0.0,
          "n": 3
        }
      }
    },
    {
      "model": "qwen2.5-3b",
      "size_b": 3.0,
      "mean_validity": 0.7333333333333333,
      "std_validity": 0.4422166387140533,
      "n_observations": 15,
      "task_breakdown": {
        "T1": {
          "mean": 1.0,
          "std": 0.0,
          "n": 3
        },
        "T2": {
          "mean": 1.0,
          "std": 0.0,
          "n": 3
        },
        "T3": {
          "mean": 0.6666666666666666,
          "std": 0.4714045207910317,
          "n": 3
        },
        "T4": {
          "mean": 1.0,
          "std": 0.0,
          "n": 3
        },
        "T5": {
          "mean": 0.0,
          "std": 0.0,
          "n": 3
        }
      }
    },
    {
      "model": "phi-3-mini",
      "size_b": 3.8,
      "mean_validity": 0.4,
      "std_validity": 0.48989794855663565,
      "n_observations": 15,
      "task_breakdown": {
        "T1": {
          "mean": 1.0,
          "std": 0.0,
          "n": 3
        },
        "T2": {
          "mean": 0.0,
          "std": 0.0,
          "n": 3
        },
        "T3": {
          "mean": 0.0,
          "std": 0.0,
          "n": 3
        },
        "T4": {
          "mean": 1.0,
          "std": 0.0,
          "n": 3
        },
        "T5": {
          "mean": 0.0,
          "std": 0.0,
          "n": 3
        }
      }
    },
    {
      "model": "qwen3-4b",
      "size_b": 4.0,
      "mean_validity": 0.8960000000000001,
      "std_validity": 0.2016201048176165,
      "n_observations": 15,
      "task_breakdown": {
        "T1": {
          "mean": 1.0,
          "std": 0.0,
          "n": 3
        },
        "T2": {
          "mean": 0.9866666666666667,
          "std": 0.018856180831641284,
          "n": 3
        },
        "T3": {
          "mean": 1.0,
          "std": 0.0,
          "n": 3
        },
        "T4": {
          "mean": 1.0,
          "std": 0.0,
          "n": 3
        },
        "T5": {
          "mean": 0.49333333333333335,
          "std": 0.009428090415820642,
          "n": 3
        }
      }
    },
    {
      "model": "yi-1.5-6b",
      "size_b": 6.0,
      "mean_validity": 0.5920000000000001,
      "std_validity": 0.4835314536477091,
      "n_observations": 15,
      "task_breakdown": {
        "T1": {
          "mean": 0.98,
          "std": 0.016329931618554536,
          "n": 3
        },
        "T2": {
          "mean": 0.9866666666666667,
          "std": 0.018856180831641284,
          "n": 3
        },
        "T3": {
          "mean": 0.0,
          "std": 0.0,
          "n": 3
        },
        "T4": {
          "mean": 0.9933333333333333,
          "std": 0.009428090415820642,
          "n": 3
        },
        "T5": {
          "mean": 0.0,
          "std": 0.0,
          "n": 3
        }
      }
    },
    {
      "model": "mistral-7b-v0.3",
      "size_b": 7.0,
      "mean_validity": 0.5306666666666667,
      "std_validity": 0.4964335023164958,
      "n_observations": 15,
      "task_breakdown": {
        "T1": {
          "mean": 0.9933333333333333,
          "std": 0.009428090415820642,
          "n": 3
        },
        "T2": {
          "mean": 0.6666666666666666,
          "std": 0.4714045207910317,
          "n": 3
        },
        "T3": {
          "mean": 0.0,
          "std": 0.0,
          "n": 3
        },
        "T4": {
          "mean": 0.9933333333333333,
          "std": 0.009428090415820642,
          "n": 3
        },
        "T5": {
          "mean": 0.0,
          "std": 0.0,
          "n": 3
        }
      }
    },
    {
      "model": "ministral-8b",
      "size_b": 8.0,
      "mean_validity": 0.7293333333333333,
      "std_validity": 0.44005252211778334,
      "n_observations": 15,
      "task_breakdown": {
        "T1": {
          "mean": 1.0,
          "std": 0.0,
          "n": 3
        },
        "T2": {
          "mean": 0.98,
          "std": 0.028284271247461926,
          "n": 3
        },
        "T3": {
          "mean": 0.6666666666666666,
          "std": 0.4714045207910317,
          "n": 3
        },
        "T4": {
          "mean": 1.0,
          "std": 0.0,
          "n": 3
        },
        "T5": {
          "mean": 0.0,
          "std": 0.0,
          "n": 3
        }
      }
    },
    {
      "model": "llama-3.1-8b",
      "size_b": 8.0,
      "mean_validity": 0.6,
      "std_validity": 0.48989794855663565,
      "n_observations": 15,
      "task_breakdown": {
        "T1": {
          "mean": 1.0,
          "std": 0.0,
          "n": 3
        },
        "T2": {
          "mean": 1.0,
          "std": 0.0,
          "n": 3
        },
        "T3": {
          "mean": 0.0,
          "std": 0.0,
          "n": 3
        },
        "T4": {
          "mean": 1.0,
          "std": 0.0,
          "n": 3
        },
        "T5": {
          "mean": 0.0,
          "std": 0.0,
          "n": 3
        }
      }
    },
    {
      "model": "gemma-2-9b",
      "size_b": 9.0,
      "mean_validity": 0.888,
      "std_validity": 0.2884256114379119,
      "n_observations": 15,
      "task_breakdown": {
        "T1": {
          "mean": 1.0,
          "std": 0.0,
          "n": 3
        },
        "T2": {
          "mean": 1.0,
          "std": 0.0,
          "n": 3
        },
        "T3": {
          "mean": 1.0,
          "std": 0.0,
          "n": 3
        },
        "T4": {
          "mean": 1.0,
          "std": 0.0,
          "n": 3
        },
        "T5": {
          "mean": 0.44,
          "std": 0.4062839729384691,
          "n": 3
        }
      }
    },
    {
      "model": "gemma-3-12b",
      "size_b": 12.0,
      "mean_validity": 1.0,
      "std_validity": 0.0,
      "n_observations": 8,
      "task_breakdown": {
        "T1": {
          "mean": 1.0,
          "std": 0.0,
          "n": 3
        },
        "T3": {
          "mean": 1.0,
          "std": 0.0,
          "n": 3
        },
        "T4": {
          "mean": 1.0,
          "std": 0.0,
          "n": 2
        }
      }
    }
  ]
}